variant,source_risk_stratum,n,n_covered,coverage,nominal,mean_width,median_width,p90_width,max_width,coverage_interpretation,coverage_ci_lower,coverage_ci_upper,n_clusters,bootstrap_replicates
global_conformal,nonzero Q2,512,512,1.0,0.95,0.5877254428126419,0.6112593577369633,0.7110777367200986,0.7383369270617348,descriptive post hoc subgroup estimate,,,,
global_conformal,nonzero Q3,512,512,1.0,0.95,0.7157128276085587,0.7258793808907293,0.7381162560003665,0.7386404393610848,descriptive post hoc subgroup estimate,,,,
global_conformal,exact zero,214,0,0.0,0.95,0.0008065567762734791,0.0003198040941044201,0.001979814371515571,0.011796706637031725,descriptive post hoc subgroup estimate,,,,
global_conformal,nonzero Q1,551,484,0.8784029038112523,0.95,0.1763556397235976,0.15519932762980906,0.36398793545350705,0.7386346851251637,descriptive post hoc subgroup estimate,,,,
global_conformal,nonzero Q4,597,597,1.0,0.95,0.4598474840052643,0.49049390439785534,0.6476146888203345,0.7347605576181805,descriptive post hoc subgroup estimate,,,,
mondrian_conformal,nonzero Q2,512,496,0.96875,0.95,0.32942966133642976,0.30331880062774796,0.5262275417159494,0.8935989196450926,descriptive post hoc subgroup estimate,,,,
mondrian_conformal,nonzero Q3,512,504,0.984375,0.95,0.36389389193808996,0.36046072410318475,0.4299049196724039,0.9040388011451547,descriptive post hoc subgroup estimate,,,,
mondrian_conformal,exact zero,214,0,0.0,0.95,0.002268907073499907,0.0008433740373383204,0.005774456920977283,0.03541795248729914,descriptive post hoc subgroup estimate,,,,
mondrian_conformal,nonzero Q1,551,480,0.8711433756805808,0.95,0.17349426411661842,0.0937439982113133,0.5092527407479392,0.7702096520699173,descriptive post hoc subgroup estimate,,,,
mondrian_conformal,nonzero Q4,597,590,0.9882747068676717,0.95,0.17464264728970058,0.17598231245695273,0.2921246498492222,0.4274948492703986,descriptive post hoc subgroup estimate,,,,
global_cqr,nonzero Q2,512,491,0.958984375,0.95,0.18468420300226757,0.17267455038657903,0.2869600374209005,0.44425093084061723,descriptive post hoc subgroup estimate,,,,
global_cqr,nonzero Q3,512,483,0.943359375,0.95,0.17903596747565947,0.16222638996348665,0.27134607291251983,0.6658210860384682,descriptive post hoc subgroup estimate,,,,
global_cqr,exact zero,214,0,0.0,0.95,0.032907733853407034,0.032868811276983115,0.04821996397794134,0.07279529483986988,descriptive post hoc subgroup estimate,,,,
global_cqr,nonzero Q1,551,527,0.956442831215971,0.95,0.09430170576828784,0.08333887086591252,0.15202665277320207,0.6926687768718116,descriptive post hoc subgroup estimate,,,,
global_cqr,nonzero Q4,597,581,0.9731993299832495,0.95,0.14007393037563373,0.1325266227343853,0.20798912874191303,0.7238882851028249,descriptive post hoc subgroup estimate,,,,
mondrian_cqr,nonzero Q2,512,492,0.9609375,0.95,0.1868661768733608,0.1762455473096068,0.2894218548084289,0.4441972649979542,descriptive post hoc subgroup estimate,,,,
mondrian_cqr,nonzero Q3,512,490,0.95703125,0.95,0.18400564590044532,0.1663476145255569,0.2723383568859516,0.6657797695557646,descriptive post hoc subgroup estimate,,,,
mondrian_cqr,exact zero,214,0,0.0,0.95,0.032182944015476514,0.032084520747868384,0.04724755965195057,0.07419738562241651,descriptive post hoc subgroup estimate,,,,
mondrian_cqr,nonzero Q1,551,526,0.9546279491833031,0.95,0.09413554979305376,0.08331313204256097,0.153579260905175,0.6926332640228045,descriptive post hoc subgroup estimate,,,,
mondrian_cqr,nonzero Q4,597,582,0.9748743718592965,0.95,0.1432828527772222,0.13566121639784656,0.2123620742948203,0.723852188933566,descriptive post hoc subgroup estimate,,,,
zero_inflated,nonzero Q2,512,496,0.96875,0.95,0.2389897520628087,0.24869386259494786,0.32441500025368647,0.35140908045540353,descriptive post hoc subgroup estimate,0.952286282306163,0.9828571428571429,314.0,10000.0
zero_inflated,nonzero Q3,512,499,0.974609375,0.95,0.33385495400694654,0.34141116814415895,0.3520850577182242,0.3524855285722315,descriptive post hoc subgroup estimate,0.9554254560387309,0.9901574803149606,304.0,10000.0
zero_inflated,exact zero,214,206,0.9626168224299065,0.95,0.019882352720298622,0.02,0.02,0.02,descriptive post hoc subgroup estimate,0.9356435643564357,0.9857142857142858,90.0,10000.0
zero_inflated,nonzero Q1,551,494,0.896551724137931,0.95,0.05554267104366964,0.043162528392561475,0.11008890275806087,0.3521660461200682,descriptive post hoc subgroup estimate,0.8625947296495176,0.9268708260269373,313.0,10000.0
zero_inflated,nonzero Q4,597,590,0.9882747068676717,0.95,0.17409576053827797,0.17819647450420417,0.2786083539146154,0.3466915437834844,descriptive post hoc subgroup estimate,0.977917310457306,0.996694214876033,267.0,10000.0
