variant,altitude_band,n,n_covered,coverage,nominal,mean_width,median_width,p90_width,max_width,coverage_interpretation,coverage_ci_lower,coverage_ci_upper,n_clusters,bootstrap_replicates
global_conformal,23-<28 kft,510,491,0.9627450980392157,0.95,0.5202906861352439,0.6167832777348123,0.735299622813273,0.7386389293158578,descriptive post hoc subgroup estimate,,,,
global_conformal,28-<33 kft,531,519,0.9774011299435028,0.95,0.5583277583675068,0.6308463252766867,0.7331726205393629,0.7386404393610848,descriptive post hoc subgroup estimate,,,,
global_conformal,33-<38 kft,547,542,0.9908592321755028,0.95,0.5208520309708283,0.5690936091331178,0.7320244407520572,0.738636326664658,descriptive post hoc subgroup estimate,,,,
global_conformal,18-<23 kft,530,286,0.539622641509434,0.95,0.12244273957806542,0.015325613702913247,0.42437248015372825,0.7367743375516151,descriptive post hoc subgroup estimate,,,,
global_conformal,38-40 kft,268,267,0.996268656716418,0.95,0.476167539198075,0.5275007663548577,0.725492750919762,0.7386335316167436,descriptive post hoc subgroup estimate,,,,
mondrian_conformal,23-<28 kft,510,477,0.9352941176470588,0.95,0.27524733321182876,0.32024213260818907,0.4298408604480136,0.43333006488072623,descriptive post hoc subgroup estimate,,,,
mondrian_conformal,28-<33 kft,531,500,0.9416195856873822,0.95,0.25950796706176904,0.2904592373521898,0.3783131055693007,0.3836082893821436,descriptive post hoc subgroup estimate,,,,
mondrian_conformal,33-<38 kft,547,527,0.9634369287020109,0.95,0.21952312739674756,0.22962833724695775,0.3544690482516795,0.3605986144148643,descriptive post hoc subgroup estimate,,,,
mondrian_conformal,18-<23 kft,530,311,0.5867924528301887,0.95,0.22013059646844646,0.04569120054045628,0.6987620900611882,0.9040388011451547,descriptive post hoc subgroup estimate,,,,
mondrian_conformal,38-40 kft,268,255,0.9514925373134329,0.95,0.1507498809267219,0.15507538239630692,0.2709414554080305,0.280888569187653,descriptive post hoc subgroup estimate,,,,
global_cqr,23-<28 kft,510,483,0.9470588235294117,0.95,0.15944301437664452,0.13419745693558163,0.249523799172401,0.7238882851028249,descriptive post hoc subgroup estimate,,,,
global_cqr,28-<33 kft,531,508,0.9566854990583804,0.95,0.15421456276751674,0.14410282497181548,0.22408452735404677,0.6475671213080724,descriptive post hoc subgroup estimate,,,,
global_cqr,33-<38 kft,547,520,0.9506398537477148,0.95,0.15037689171938104,0.13460461471244956,0.24717911599258077,0.38194830477369723,descriptive post hoc subgroup estimate,,,,
global_cqr,18-<23 kft,530,316,0.5962264150943396,0.95,0.0651237688551921,0.04535059549025132,0.13293516180681797,0.5471255708222957,descriptive post hoc subgroup estimate,,,,
global_cqr,38-40 kft,268,255,0.9514925373134329,0.95,0.1823721314049043,0.1527911288234376,0.3112841709914495,0.40497211507592484,descriptive post hoc subgroup estimate,,,,
mondrian_cqr,23-<28 kft,510,483,0.9470588235294117,0.95,0.15939449441924902,0.13415790595428767,0.2494607058020995,0.723852188933566,descriptive post hoc subgroup estimate,,,,
mondrian_cqr,28-<33 kft,531,513,0.9661016949152542,0.95,0.16121462603162123,0.15151823362465675,0.2315616852877398,0.6533119235367992,descriptive post hoc subgroup estimate,,,,
mondrian_cqr,33-<38 kft,547,525,0.9597806215722121,0.95,0.15511193861529055,0.13922945580547386,0.2536200427115786,0.3875780135339787,descriptive post hoc subgroup estimate,,,,
mondrian_cqr,18-<23 kft,530,314,0.5924528301886792,0.95,0.06344697576674671,0.04427682551602087,0.12665807623935207,0.5408918909434686,descriptive post hoc subgroup estimate,,,,
mondrian_cqr,38-40 kft,268,255,0.9514925373134329,0.95,0.18213726928331123,0.15247566633149207,0.3110360220637616,0.4047291618705293,descriptive post hoc subgroup estimate,,,,
zero_inflated,23-<28 kft,510,485,0.9509803921568627,0.95,0.2196699697633787,0.25813227933319394,0.3493147063799118,0.3524841784142887,descriptive post hoc subgroup estimate,0.9196940726577438,0.9764460259478525,145.0,10000.0
zero_inflated,28-<33 kft,531,505,0.9510357815442562,0.95,0.2358651412618632,0.2676920372121393,0.34690794950153503,0.3524855285722315,descriptive post hoc subgroup estimate,0.9303191190042092,0.9686924493554327,143.0,10000.0
zero_inflated,33-<38 kft,547,527,0.9634369287020109,0.95,0.21405856909806634,0.22297315437430987,0.3463193757977374,0.35248343876065963,descriptive post hoc subgroup estimate,0.9462962962962963,0.978984238178634,145.0,10000.0
zero_inflated,18-<23 kft,530,509,0.960377358490566,0.95,0.050314846326788544,0.02,0.12065943534472605,0.35101774706948907,descriptive post hoc subgroup estimate,0.9378638034117711,0.9793233082706767,142.0,10000.0
zero_inflated,38-40 kft,268,259,0.9664179104477612,0.95,0.19051310946664088,0.20072602161340836,0.33956045108803146,0.35243785416819123,descriptive post hoc subgroup estimate,0.9401709401709402,0.9871794871794872,73.0,10000.0
