stratum,n,mae,mean_signed_error,max_underprediction,fraction_underpredicted,fraction_underpredicted_gt_0.01,fraction_underpredicted_gt_0.02,fraction_underpredicted_gt_0.05
overall,2386,0.019744488249380753,-0.0034002429648994194,0.3740020087670929,0.4727577535624476,0.24811399832355407,0.15758591785414922,0.05699916177703269
risk: exact zero,214,0.00038971613137172195,0.00038971613137172195,0.0,0.0,0.0,0.0,0.0
risk: nonzero Q1,551,0.012548600197511504,0.0024483908121801005,0.06487498387663931,0.5281306715063521,0.1560798548094374,0.07259528130671507,0.003629764065335753
risk: nonzero Q2,512,0.029841605674460113,-0.007444259561083192,0.194568078233026,0.546875,0.421875,0.30078125,0.123046875
risk: nonzero Q3,512,0.03238111907408675,-0.007474435751636254,0.3740020087670929,0.498046875,0.35546875,0.25,0.09765625
risk: nonzero Q4,597,0.013826860855651754,-0.0031944226193675765,0.20200337719256756,0.5058626465661642,0.18090452261306533,0.09045226130653267,0.035175879396984924
altitude: 18-<23 kft,530,0.007548046429575383,-0.003093211660208747,0.18199941928727137,0.3264150943396226,0.11509433962264151,0.07924528301886792,0.026415094339622643
altitude: 23-<28 kft,510,0.027539702572243845,-0.00943224934933821,0.2822264341407333,0.5431372549019607,0.3568627450980392,0.24313725490196078,0.09607843137254903
altitude: 28-<33 kft,531,0.024009927051154543,-0.001763322364617051,0.3740020087670929,0.4990583804143126,0.3032015065913371,0.1902071563088512,0.07156308851224105
altitude: 33-<38 kft,547,0.019628371518400918,3.8540283066198316e-05,0.20200337719256756,0.47714808043875684,0.23217550274223034,0.13711151736745886,0.03656307129798903
altitude: 38-40 kft,268,0.02081584163721939,-0.0027906258410539146,0.23192125613381026,0.5671641791044776,0.22761194029850745,0.12686567164179105,0.055970149253731345
boundary shell,1111,0.02399003364124059,-0.005966856601956352,0.3740020087670929,0.47614761476147616,0.27002700270027,0.19171917191719173,0.08370837083708371
source risk >=0.10,1621,0.024745632943911224,-0.005888613389188648,0.3740020087670929,0.5163479333744602,0.3121529919802591,0.20727945712523133,0.08266502159161011
source risk >=0.20,1415,0.024621885663992284,-0.0062885301930277766,0.3740020087670929,0.511660777385159,0.3017667844522968,0.1978798586572438,0.0833922261484099
